Ay,Ödenmiş Sermaye (₺),Yedekler (₺),Geçmiş Yıl Kârı (₺),Geçmiş Yıl Zararı (₺),Dönem Kârı (₺),Dönem Zararı (₺),Toplam Borç (₺),Toplam Aktif (₺),Öz Kaynak (₺),Kayıp Tutarı (₺),Kayıp Oranı,TTK 376 Durum
2026-01,5000000,800000,200000,0,350000,0,6200000,9800000,"=IF($A6="""","""",$B6+$C6+$D6-$E6+$F6-$G6)","=IF($A6="""","""",MAX(0,$B6-$J6))","=IF($A6="""","""",IF($B6=0,0,$K6/$B6))","=IF($A6="""","""",IF($J6<0,"BORCA BATIK",IF($I6<$H6,"BORCA BATIK",IF($L6>=0.666667,"2/3 KAYIP (KRİTİK)",IF($L6>=0.333333,"1/3 KAYIP (DİKKAT)","UYGUN")))))"
2026-02,5000000,800000,200000,0,180000,0,6500000,9600000,"=IF($A7="""","""",$B7+$C7+$D7-$E7+$F7-$G7)","=IF($A7="""","""",MAX(0,$B7-$J7))","=IF($A7="""","""",IF($B7=0,0,$K7/$B7))","=IF($A7="""","""",IF($J7<0,"BORCA BATIK",IF($I7<$H7,"BORCA BATIK",IF($L7>=0.666667,"2/3 KAYIP (KRİTİK)",IF($L7>=0.333333,"1/3 KAYIP (DİKKAT)","UYGUN")))))"
2026-03,5000000,800000,200000,0,90000,0,6900000,9400000,"=IF($A8="""","""",$B8+$C8+$D8-$E8+$F8-$G8)","=IF($A8="""","""",MAX(0,$B8-$J8))","=IF($A8="""","""",IF($B8=0,0,$K8/$B8))","=IF($A8="""","""",IF($J8<0,"BORCA BATIK",IF($I8<$H8,"BORCA BATIK",IF($L8>=0.666667,"2/3 KAYIP (KRİTİK)",IF($L8>=0.333333,"1/3 KAYIP (DİKKAT)","UYGUN")))))"
2026-04,5000000,800000,200000,0,0,150000,7200000,9100000,"=IF($A9="""","""",$B9+$C9+$D9-$E9+$F9-$G9)","=IF($A9="""","""",MAX(0,$B9-$J9))","=IF($A9="""","""",IF($B9=0,0,$K9/$B9))","=IF($A9="""","""",IF($J9<0,"BORCA BATIK",IF($I9<$H9,"BORCA BATIK",IF($L9>=0.666667,"2/3 KAYIP (KRİTİK)",IF($L9>=0.333333,"1/3 KAYIP (DİKKAT)","UYGUN")))))"
2026-05,5000000,800000,200000,0,0,320000,7500000,8800000,"=IF($A10="""","""",$B10+$C10+$D10-$E10+$F10-$G10)","=IF($A10="""","""",MAX(0,$B10-$J10))","=IF($A10="""","""",IF($B10=0,0,$K10/$B10))","=IF($A10="""","""",IF($J10<0,"BORCA BATIK",IF($I10<$H10,"BORCA BATIK",IF($L10>=0.666667,"2/3 KAYIP (KRİTİK)",IF($L10>=0.333333,"1/3 KAYIP (DİKKAT)","UYGUN")))))"
2026-06,5000000,800000,200000,0,0,480000,7900000,8500000,"=IF($A11="""","""",$B11+$C11+$D11-$E11+$F11-$G11)","=IF($A11="""","""",MAX(0,$B11-$J11))","=IF($A11="""","""",IF($B11=0,0,$K11/$B11))","=IF($A11="""","""",IF($J11<0,"BORCA BATIK",IF($I11<$H11,"BORCA BATIK",IF($L11>=0.666667,"2/3 KAYIP (KRİTİK)",IF($L11>=0.333333,"1/3 KAYIP (DİKKAT)","UYGUN")))))"
,Borç Kodu,Borç Türü,Alacaklı,Borç Tutarı (₺),Yıllık Faiz Oranı,Teminat Var mı?,Açıklama,Faiz Yükü (₺)
,B-1001,Banka Kredisi,ABC Bank,3500000,0.30,Evet,İşletme kredisi,"=IF($B13="""","""",$E13*$F13)"
,B-1002,Tedarikçi Borcu,Tedarikçi X,1200000,0.00,Hayır,Vadeli alım,"=IF($B14="""","""",$E14*$F14)"
,B-1003,Tahvil,Kurumsal Tahvil,2000000,0.28,Hayır,Kurumsal tahvil,"=IF($B15="""","""",$E15*$F15)"
,B-1004,Ortak Borcu,Ortak A,1800000,0.20,Hayır,Ortak avansı,"=IF($B16="""","""",$E16*$F16)"
,B-1005,Finansal Kiralama,Kiralama A.Ş.,900000,0.24,Evet,Araç kiralaması,"=IF($B17="""","""",$E17*$F17)"
,B-1006,Banka Kredisi,XYZ Bank,1500000,0.32,Evet,Yatırım kredisi,"=IF($B18="""","""",$E18*$F18)"
