TehlikeId,Bolum,TehlikeAdi,MaddeAtif,Olasilik,Siddet,Frekans,MevcutKontrol,Aktif
TEH-00001,Üretim,Makine koruyucu eksik,ISG-001,4,5,3,Kısmi koruyucu,EVET
TEH-00002,Üretim,Gürültü eşiği aşımı,ISG-002,3,4,4,Kulaklık,EVET
TEH-00003,Depo,Yüksekte istifleme,ISG-001,3,5,2,Emniyet kemeri,EVET
TEH-00004,Depo,Forklift çarpışma riski,ISG-001,4,5,3,Yaya yolu,EVET
TEH-00005,Ofis,Ergonomi / VDU,ISG-003,2,3,5,Ayarlı masa,EVET
TEH-00011,Bakım,Enerji kesilmeden müdahale,ISG-001,5,5,2,LOTO kısmi,EVET
TEH-00019,İnşaat,Düşme yüksekliği,ISG-001,4,5,3,Korkuluk,EVET
EylemId,KaynakTehlikeId,Tarih,Termin,OncekiDurum,Durum,Sorumlu,Aciklama,IlkSkor,HedefSkor,Tutar
EYL-00001,TEH-00001,10.07.2026,05.08.2026,,PLANLANDI,Sorumlu 1,Kontrol eylemi 1,20,18,5000
EYL-00002,TEH-00002,14.07.2026,08.08.2026,PLANLANDI,DEVAM,Sorumlu 2,Kontrol eylemi 2,12,10,3000
EYL-00012,TEH-00012,10.06.2026,20.07.2026,DEVAM,BEKLIYOR,Sorumlu 6,Zincir sapmalı örnek,15,55,8000
EYL-00018,TEH-00006,01.07.2026,15.08.2026,PLANLANDI,TAMAMLANDI,Sorumlu 4,Geçersiz geçiş örneği,8,4,2000
EYL-00022,,05.06.2026,01.08.2026,PLANLANDI,DEVAM,Sorumlu 2,Yetim kayıt örneği,12,8,4000
