Ürün Kodu,Ürün Adı,Hammadde,Birim,Miktar,Birim Fiyat (TL),Fire Oranı,Zam Oranı,Hammadde Tutarı (TL),Fire Dahil Tutar (TL),Zam Sonrası Birim Fiyat (TL),Zam Sonrası Tutar (TL),Fark (TL),Açıklama
UR-01,Sade Poğaça,Un,kg,0.05,20,0.05,0.15,=IF($E6="",0,$E6*$F6),=IF($E6="",0,$E6*(1+$G6)*$F6),=IF($E6="",0,$F6*(1+$H6)),=IF($E6="",0,$E6*(1+$G6)*$K6),=IF($E6="",0,$L6-$J6),=IF($B6="","",CONCATENATE("Ürün: ",$B6," | Hammadde: ",$C6," | Fark: ",TEXT($M6,"₺ #,##0")))
UR-01,Sade Poğaça,Margarin,kg,0.02,90,0.03,0.08,=IF($E7="",0,$E7*$F7),=IF($E7="",0,$E7*(1+$G7)*$F7),=IF($E7="",0,$F7*(1+$H7)),=IF($E7="",0,$E7*(1+$G7)*$K7),=IF($E7="",0,$L7-$J7),=IF($B7="","",CONCATENATE("Ürün: ",$B7," | Hammadde: ",$C7," | Fark: ",TEXT($M7,"₺ #,##0")))
UR-01,Sade Poğaça,Yumurta,kg,0.02,45,0.05,0.05,=IF($E8="",0,$E8*$F8),=IF($E8="",0,$E8*(1+$G8)*$F8),=IF($E8="",0,$F8*(1+$H8)),=IF($E8="",0,$E8*(1+$G8)*$K8),=IF($E8="",0,$L8-$J8),=IF($B8="","",CONCATENATE("Ürün: ",$B8," | Hammadde: ",$C8," | Fark: ",TEXT($M8,"₺ #,##0")))
UR-01,Sade Poğaça,Tuz,kg,0.002,8,0.02,0.02,=IF($E9="",0,$E9*$F9),=IF($E9="",0,$E9*(1+$G9)*$F9),=IF($E9="",0,$F9*(1+$H9)),=IF($E9="",0,$E9*(1+$G9)*$K9),=IF($E9="",0,$L9-$J9),=IF($B9="","",CONCATENATE("Ürün: ",$B9," | Hammadde: ",$C9," | Fark: ",TEXT($M9,"₺ #,##0")))
UR-01,Sade Poğaça,Maya,kg,0.003,30,0.03,0.04,=IF($E10="",0,$E10*$F10),=IF($E10="",0,$E10*(1+$G10)*$F10),=IF($E10="",0,$F10*(1+$H10)),=IF($E10="",0,$E10*(1+$G10)*$K10),=IF($E10="",0,$L10-$J10),=IF($B10="","",CONCATENATE("Ürün: ",$B10," | Hammadde: ",$C10," | Fark: ",TEXT($M10,"₺ #,##0")))
UR-02,Tam Buğday Ekmeği,Un,kg,0.06,20,0.05,0.15,=IF($E11="",0,$E11*$F11),=IF($E11="",0,$E11*(1+$G11)*$F11),=IF($E11="",0,$F11*(1+$H11)),=IF($E11="",0,$E11*(1+$G11)*$K11),=IF($E11="",0,$L11-$J11),=IF($B11="","",CONCATENATE("Ürün: ",$B11," | Hammadde: ",$C11," | Fark: ",TEXT($M11,"₺ #,##0")))
UR-02,Tam Buğday Ekmeği,Tam Buğday Unu,kg,0.02,25,0.05,0.12,=IF($E12="",0,$E12*$F12),=IF($E12="",0,$E12*(1+$G12)*$F12),=IF($E12="",0,$F12*(1+$H12)),=IF($E12="",0,$E12*(1+$G12)*$K12),=IF($E12="",0,$L12-$J12),=IF($B12="","",CONCATENATE("Ürün: ",$B12," | Hammadde: ",$C12," | Fark: ",TEXT($M12,"₺ #,##0")))
UR-02,Tam Buğday Ekmeği,Maya,kg,0.004,30,0.03,0.04,=IF($E13="",0,$E13*$F13),=IF($E13="",0,$E13*(1+$G13)*$F13),=IF($E13="",0,$F13*(1+$H13)),=IF($E13="",0,$E13*(1+$G13)*$K13),=IF($E13="",0,$L13-$J13),=IF($B13="","",CONCATENATE("Ürün: ",$B13," | Hammadde: ",$C13," | Fark: ",TEXT($M13,"₺ #,##0")))
UR-02,Tam Buğday Ekmeği,Tuz,kg,0.003,8,0.02,0.02,=IF($E14="",0,$E14*$F14),=IF($E14="",0,$E14*(1+$G14)*$F14),=IF($E14="",0,$F14*(1+$H14)),=IF($E14="",0,$E14*(1+$G14)*$K14),=IF($E14="",0,$L14-$J14),=IF($B14="","",CONCATENATE("Ürün: ",$B14," | Hammadde: ",$C14," | Fark: ",TEXT($M14,"₺ #,##0")))
UR-03,Açma,Un,kg,0.05,20,0.05,0.15,=IF($E15="",0,$E15*$F15),=IF($E15="",0,$E15*(1+$G15)*$F15),=IF($E15="",0,$F15*(1+$H15)),=IF($E15="",0,$E15*(1+$G15)*$K15),=IF($E15="",0,$L15-$J15),=IF($B15="","",CONCATENATE("Ürün: ",$B15," | Hammadde: ",$C15," | Fark: ",TEXT($M15,"₺ #,##0")))
UR-03,Açma,Margarin,kg,0.03,90,0.03,0.08,=IF($E16="",0,$E16*$F16),=IF($E16="",0,$E16*(1+$G16)*$F16),=IF($E16="",0,$F16*(1+$H16)),=IF($E16="",0,$E16*(1+$G16)*$K16),=IF($E16="",0,$L16-$J16),=IF($B16="","",CONCATENATE("Ürün: ",$B16," | Hammadde: ",$C16," | Fark: ",TEXT($M16,"₺ #,##0")))
UR-03,Açma,Yumurta,kg,0.03,45,0.05,0.05,=IF($E17="",0,$E17*$F17),=IF($E17="",0,$E17*(1+$G17)*$F17),=IF($E17="",0,$F17*(1+$H17)),=IF($E17="",0,$E17*(1+$G17)*$K17),=IF($E17="",0,$L17-$J17),=IF($B17="","",CONCATENATE("Ürün: ",$B17," | Hammadde: ",$C17," | Fark: ",TEXT($M17,"₺ #,##0")))
UR-03,Açma,Şeker,kg,0.005,30,0.02,0.03,=IF($E18="",0,$E18*$F18),=IF($E18="",0,$E18*(1+$G18)*$F18),=IF($E18="",0,$F18*(1+$H18)),=IF($E18="",0,$E18*(1+$G18)*$K18),=IF($E18="",0,$L18-$J18),=IF($B18="","",CONCATENATE("Ürün: ",$B18," | Hammadde: ",$C18," | Fark: ",TEXT($M18,"₺ #,##0")))
UR-03,Açma,Maya,kg,0.003,30,0.03,0.04,=IF($E19="",0,$E19*$F19),=IF($E19="",0,$E19*(1+$G19)*$F19),=IF($E19="",0,$F19*(1+$H19)),=IF($E19="",0,$E19*(1+$G19)*$K19),=IF($E19="",0,$L19-$J19),=IF($B19="","",CONCATENATE("Ürün: ",$B19," | Hammadde: ",$C19," | Fark: ",TEXT($M19,"₺ #,##0")))
UR-04,Simit,Un,kg,0.05,20,0.05,0.15,=IF($E20="",0,$E20*$F20),=IF($E20="",0,$E20*(1+$G20)*$F20),=IF($E20="",0,$F20*(1+$H20)),=IF($E20="",0,$E20*(1+$G20)*$K20),=IF($E20="",0,$L20-$J20),=IF($B20="","",CONCATENATE("Ürün: ",$B20," | Hammadde: ",$C20," | Fark: ",TEXT($M20,"₺ #,##0")))
UR-04,Simit,Susam,kg,0.02,60,0.06,0.06,=IF($E21="",0,$E21*$F21),=IF($E21="",0,$E21*(1+$G21)*$F21),=IF($E21="",0,$F21*(1+$H21)),=IF($E21="",0,$E21*(1+$G21)*$K21),=IF($E21="",0,$L21-$J21),=IF($B21="","",CONCATENATE("Ürün: ",$B21," | Hammadde: ",$C21," | Fark: ",TEXT($M21,"₺ #,##0")))
UR-04,Simit,Maya,kg,0.003,30,0.03,0.04,=IF($E22="",0,$E22*$F22),=IF($E22="",0,$E22*(1+$G22)*$F22),=IF($E22="",0,$F22*(1+$H22)),=IF($E22="",0,$E22*(1+$G22)*$K22),=IF($E22="",0,$L22-$J22),=IF($B22="","",CONCATENATE("Ürün: ",$B22," | Hammadde: ",$C22," | Fark: ",TEXT($M22,"₺ #,##0")))
UR-04,Simit,Şeker,kg,0.005,30,0.02,0.03,=IF($E23="",0,$E23*$F23),=IF($E23="",0,$E23*(1+$G23)*$F23),=IF($E23="",0,$F23*(1+$H23)),=IF($E23="",0,$E23*(1+$G23)*$K23),=IF($E23="",0,$L23-$J23),=IF($B23="","",CONCATENATE("Ürün: ",$B23," | Hammadde: ",$C23," | Fark: ",TEXT($M23,"₺ #,##0")))
